Link Name,Center of Mass X,Center of Mass Y,Center of Mass Z,Center of Mass Roll,Center of Mass Pitch,Center of Mass Yaw,Mass,Moment Ixx,Moment Ixy,Moment Ixz,Moment Iyy,Moment Iyz,Moment Izz,Visual X,Visual Y,Visual Z,Visual Roll,Visual Pitch,Visual Yaw,Mesh Filename,Color Red,Color Green,Color Blue,Color Alpha,Collision X,Collision Y,Collision Z,Collision Roll,Collision Pitch,Collision Yaw,Collision Mesh Filename,Material Name,SW Components,Coordinate System,Axis Name,Joint Name,Joint Type,Joint Origin X,Joint Origin Y,Joint Origin Z,Joint Origin Roll,Joint Origin Pitch,Joint Origin Yaw,Parent,Joint Axis X,Joint Axis Y,Joint Axis Z,Limit Effort,Limit Velocity,Limit Lower,Limit Upper,Calibration rising,Calibration falling,Dynamics Damping,Dynamics Friction,Safety Soft Upper,Safety Soft Lower,Safety K Position,Safety K Velocity
hand_base_link,-0.00160320773490556,0.000358462699237561,0.0538002704027215,0,0,0,0.06740077960995,5.22359941041901E-05,3.0391535852764E-07,3.88322215371643E-07,3.33473043513648E-05,-7.77555280794861E-07,2.28342677422006E-05,0,0,0,0,0,0,package://linkerhand_O6_right.urdf/meshes/hand_base_link.STL,1,0.6,0,1,0,0,0,0,0,0,package://linkerhand_O6_right.urdf/meshes/hand_base_link.STL,,O6灵巧手-1/888.sldasm-Part-6-1;O6灵巧手-1/888.sldasm-Part-40-1;O6灵巧手-1/888.sldasm-Part-3-1;O6灵巧手-1/888.sldasm-Part-21-1;O6灵巧手-1/888.sldasm-Part-4-1;O6灵巧手-1/888.sldasm-Part-26-1;O6灵巧手-1/888.sldasm-Part-5-1;O6灵巧手-1/装配体4^O6灵巧手-4/装配体5^装配体4_O6灵巧手-1/888.sldasm-Part-13-1;O6灵巧手-1/装配体4^O6灵巧手-3/装配体5^装配体4_O6灵巧手-1/888.sldasm-Part-13-1;O6灵巧手-1/装配体4^O6灵巧手-1/装配体5^装配体4_O6灵巧手-1/888.sldasm-Part-13-1;O6灵巧手-1/装配体4^O6灵巧手-2/装配体5^装配体4_O6灵巧手-1/888.sldasm-Part-13-1;O6灵巧手-1/装配体4^O6灵巧手-2/装配体5^装配体4_O6灵巧手-1/54666.sldasm-Part-3-仿真-1;O6灵巧手-1/装配体4^O6灵巧手-2/装配体5^装配体4_O6灵巧手-1/54666.sldasm-Part-1-仿真-1;O6灵巧手-1/装配体4^O6灵巧手-1/装配体5^装配体4_O6灵巧手-1/54666.sldasm-Part-3-仿真-1;O6灵巧手-1/装配体4^O6灵巧手-1/装配体5^装配体4_O6灵巧手-1/54666.sldasm-Part-1-仿真-1;O6灵巧手-1/装配体4^O6灵巧手-3/装配体5^装配体4_O6灵巧手-1/54666.sldasm-Part-3-仿真-1;O6灵巧手-1/装配体4^O6灵巧手-3/装配体5^装配体4_O6灵巧手-1/54666.sldasm-Part-1-仿真-1;O6灵巧手-1/装配体4^O6灵巧手-4/装配体5^装配体4_O6灵巧手-1/54666.sldasm-Part-3-仿真-1;O6灵巧手-1/装配体4^O6灵巧手-4/装配体5^装配体4_O6灵巧手-1/54666.sldasm-Part-1-仿真-1;O6灵巧手-1/装配体1^O6灵巧手-1/888.sldasm-Part-39-1;O6灵巧手-1/装配体1^O6灵巧手-1/飞特舵机-1;O6灵巧手-1/装配体1^O6灵巧手-1/54666.sldasm-Part-1-仿真-4-1;O6灵巧手-1/装配体1^O6灵巧手-1/7777.sldasm-Part-48-1,坐标系0,,,,0,0,0,0,0,0,,0,0,0,,,,,,,,,,,,
thumb_metacarpals_base2,0.00162795738393507,0.00276671978336815,-0.00184227725602707,0,0,0,0.00138591070212997,5.26294625624223E-08,-3.9288013799604E-09,2.43766268199571E-09,4.82623724532942E-08,3.71867754115443E-09,2.88555522060562E-08,0,0,0,0,0,0,package://linkerhand_O6_right.urdf/meshes/thumb_metacarpals_base2.STL,0.164705882352941,0.282352941176471,0.443137254901961,1,0,0,0,0,0,0,package://linkerhand_O6_right.urdf/meshes/thumb_metacarpals_base2.STL,,O6灵巧手-1/装配体1^O6灵巧手-1/装配体2^装配体1_O6灵巧手-1/888.sldasm-Part-38-1;O6灵巧手-1/装配体1^O6灵巧手-1/888.sldasm-Part-22-1,坐标系1,基准轴1,thumb_cmc_yaw,revolute,0.011508,0.022975,0.032794,0,0,0,hand_base_link,0,0,-1,100,1,0,1.54,,,,,,,,
thumb_metacarpals,4.24920612856275E-05,-1.67885666835232E-05,0.0228341522590467,0,0,0,0.0123381607727595,1.10292488693766E-06,-6.14241939151719E-10,1.14233108676795E-07,1.76757658485787E-06,-4.24576599367025E-10,9.36348143657406E-07,0,0,0,0,0,0,package://linkerhand_O6_right.urdf/meshes/thumb_metacarpals.STL,1,0.6,0,1,0,0,0,0,0,0,package://linkerhand_O6_right.urdf/meshes/thumb_metacarpals.STL,,O6灵巧手-1/装配体1^O6灵巧手-1/装配体2^装配体1_O6灵巧手-1/装配体3^装配体2_装配体1_O6灵巧手-1/888.sldasm-Part-37-1;O6灵巧手-1/装配体1^O6灵巧手-1/装配体2^装配体1_O6灵巧手-1/装配体3^装配体2_装配体1_O6灵巧手-1/888.sldasm-Part-27-1;O6灵巧手-1/装配体1^O6灵巧手-1/装配体2^装配体1_O6灵巧手-1/装配体3^装配体2_装配体1_O6灵巧手-1/888.sldasm-Part-28-1;O6灵巧手-1/装配体1^O6灵巧手-1/装配体2^装配体1_O6灵巧手-1/装配体3^装配体2_装配体1_O6灵巧手-1/finger1-19-1;O6灵巧手-1/装配体1^O6灵巧手-1/装配体2^装配体1_O6灵巧手-1/装配体3^装配体2_装配体1_O6灵巧手-1/888.sldasm-Part-20-1;O6灵巧手-1/装配体1^O6灵巧手-1/装配体2^装配体1_O6灵巧手-1/装配体3^装配体2_装配体1_O6灵巧手-1/54666.sldasm-Part-1-仿真-4-1;O6灵巧手-1/装配体1^O6灵巧手-1/装配体2^装配体1_O6灵巧手-1/装配体3^装配体2_装配体1_O6灵巧手-1/54666.sldasm-Part-3-仿真-4-1,坐标系2,基准轴2,thumb_cmc_pitch,revolute,0.0061649,0.010678,-0.004891,0,-1.1529,-2.0944,thumb_metacarpals_base2,0,1,0,100,1,0,0.52,,,,,,,,
thumb_distal,-0.00413690727496815,-4.54842793429222E-07,0.0230097179163771,0,0,0,0.00763302603723749,1.30546842791578E-06,-2.61617511029467E-12,7.19030685242407E-08,1.22457212713176E-06,1.66931068485225E-11,2.7729897944409E-07,0,0,0,0,0,0,package://linkerhand_O6_right.urdf/meshes/thumb_distal.STL,0.792156862745098,0.792156862745098,0.792156862745098,1,0,0,0,0,0,0,package://linkerhand_O6_right.urdf/meshes/thumb_distal.STL,,O6灵巧手-1/装配体1^O6灵巧手-1/装配体2^装配体1_O6灵巧手-1/888.sldasm-Part-25-1;O6灵巧手-1/装配体1^O6灵巧手-1/装配体2^装配体1_O6灵巧手-1/888.sldasm-Part-24-1;O6灵巧手-1/装配体1^O6灵巧手-1/装配体2^装配体1_O6灵巧手-1/54666.sldasm-Part-8-仿真-4-1,坐标系3,基准轴3,thumb_ip,revolute,0.0037776,0,0.045368,0,0,0,thumb_metacarpals,0,-1,0,100,1,0,0.96,,,,,,,,
index_proximal,-0.00208665596033792,-4.8964990644329E-06,0.0172736718900068,0,0,0,0.00253178529301663,2.65990159539482E-07,-3.55165625722842E-11,4.31046335852167E-08,2.72915460277804E-07,1.75935978708959E-10,8.56026306687528E-08,0,0,0,0,0,0,package://linkerhand_O6_right.urdf/meshes/index_proximal.STL,0.980392156862745,0.780392156862745,0.627450980392157,1,0,0,0,0,0,0,package://linkerhand_O6_right.urdf/meshes/index_proximal.STL,,O6灵巧手-1/装配体4^O6灵巧手-2/54666.sldasm-Part-8-仿真-1;O6灵巧手-1/装配体4^O6灵巧手-2/888.sldasm-Part-36-1;O6灵巧手-1/装配体4^O6灵巧手-2/888.sldasm-Part-7-1,坐标系4,基准轴4,index_mcp_pitch,revolute,0.0024758,0.02419,0.098779,-0.05236,0,0,hand_base_link,0,-1,0,100,1,0,1.57,,,,,,,,
index_distal,0.00658940011630532,-4.59976557022623E-06,0.0194434136420913,0,0,0,0.00376787129082313,3.22116619426455E-07,1.03152735699049E-11,-1.14363506430985E-07,3.65131844686317E-07,-1.97263639269362E-10,1.24256890612907E-07,0,0,0,0,0,0,package://linkerhand_O6_right.urdf/meshes/index_distal.STL,0.164705882352941,0.282352941176471,0.443137254901961,1,0,0,0,0,0,0,package://linkerhand_O6_right.urdf/meshes/index_distal.STL,,O6灵巧手-1/装配体4^O6灵巧手-2/888.sldasm-Part-35-1;O6灵巧手-1/装配体4^O6灵巧手-2/54666.sldasm-Part-9-仿真-1,坐标系5,基准轴5,index_dip,revolute,-0.0052516,0,0.036625,0,0,0,index_proximal,0,-1,0,100,1,0,1.4,,,,,,,,
middle_proximal,-0.00208661081773556,-4.93451838476378E-06,0.0172736805321904,0,0,0,0.00253175497594429,2.65989683690695E-07,-3.58343951791586E-11,4.31048601085216E-08,2.72915006047006E-07,1.75718024412593E-10,8.56020467202518E-08,0,0,0,0,0,0,package://linkerhand_O6_right.urdf/meshes/middle_proximal.STL,0.164705882352941,0.282352941176471,0.443137254901961,1,0,0,0,0,0,0,package://linkerhand_O6_right.urdf/meshes/middle_proximal.STL,,O6灵巧手-1/装配体4^O6灵巧手-1/888.sldasm-Part-36-1;O6灵巧手-1/装配体4^O6灵巧手-1/54666.sldasm-Part-8-仿真-1;O6灵巧手-1/装配体4^O6灵巧手-1/888.sldasm-Part-7-1,坐标系6,基准轴6,middle_mcp_pitch,revolute,0.00052576,0.00634,0.1027,0,0,0,hand_base_link,0,-1,0,100,1,0,1.57,,,,,,,,
middle_distal,0.00658940304809306,-4.5885743593238E-06,0.0194434523296449,0,0,0,0.00376786259758948,3.221153658306E-07,1.02639617308432E-11,-1.14363547272711E-07,3.65130723083104E-07,-1.96904618797577E-10,1.24256787913797E-07,0,0,0,0,0,0,package://linkerhand_O6_right.urdf/meshes/middle_distal.STL,0.164705882352941,0.282352941176471,0.443137254901961,1,0,0,0,0,0,0,package://linkerhand_O6_right.urdf/meshes/middle_distal.STL,,O6灵巧手-1/装配体4^O6灵巧手-1/888.sldasm-Part-35-1;O6灵巧手-1/装配体4^O6灵巧手-1/54666.sldasm-Part-9-仿真-1,坐标系7,基准轴7,middle_dip,revolute,-0.0052516,0,0.036625,0,0,0,middle_proximal,0,-1,0,100,1,0,1.4,,,,,,,,
ring_proximal,-0.00208654311325356,-4.98538564003281E-06,0.0172736743497407,0,0,0,0.00253170963529411,2.6598913795678E-07,-3.62757108675266E-11,4.31050611555507E-08,2.72914417061517E-07,1.75554984053478E-10,8.56012458677515E-08,0,0,0,0,0,0,package://linkerhand_O6_right.urdf/meshes/ring_proximal.STL,0.980392156862745,0.780392156862745,0.627450980392157,1,0,0,0,0,0,0,package://linkerhand_O6_right.urdf/meshes/ring_proximal.STL,,O6灵巧手-1/装配体4^O6灵巧手-3/54666.sldasm-Part-8-仿真-1;O6灵巧手-1/装配体4^O6灵巧手-3/888.sldasm-Part-36-1;O6灵巧手-1/装配体4^O6灵巧手-3/888.sldasm-Part-7-1,坐标系8,基准轴8,ring_mcp_pitch,revolute,0.0010258,-0.011135,0.098767,0.05236,0,0,hand_base_link,0,-1,0,100,1,0,1.57,,,,,,,,
ring_distal,0.00658940273069729,-4.56628863591824E-06,0.0194435005686854,0,0,0,0.0037678395356105,3.22112632437858E-07,1.01848408913558E-11,-1.1436348915342E-07,3.65128262095686E-07,-1.96145632992445E-10,1.24256284608064E-07,0,0,0,0,0,0,package://linkerhand_O6_right.urdf/meshes/ring_distal.STL,0.164705882352941,0.282352941176471,0.443137254901961,1,0,0,0,0,0,0,package://linkerhand_O6_right.urdf/meshes/ring_distal.STL,,O6灵巧手-1/装配体4^O6灵巧手-3/888.sldasm-Part-35-1;O6灵巧手-1/装配体4^O6灵巧手-3/54666.sldasm-Part-9-仿真-1,坐标系9,基准轴9,ring_dip,revolute,-0.0052516,0,0.036625,0,0,0,ring_proximal,0,-1,0,100,1,0,1.4,,,,,,,,
pinky_proximal,-0.00208649034130813,-5.02314582560837E-06,0.0172736680793697,0,0,0,0.00253167400540778,2.65988718820404E-07,-3.66012295280295E-11,4.31052220484445E-08,2.72913936904813E-07,1.75447396222308E-10,8.56006424720129E-08,0,0,0,0,0,0,package://linkerhand_O6_right.urdf/meshes/pinky_proximal.STL,0.980392156862745,0.780392156862745,0.627450980392157,1,0,0,0,0,0,0,package://linkerhand_O6_right.urdf/meshes/pinky_proximal.STL,,O6灵巧手-1/装配体4^O6灵巧手-4/54666.sldasm-Part-8-仿真-1;O6灵巧手-1/装配体4^O6灵巧手-4/888.sldasm-Part-36-1;O6灵巧手-1/装配体4^O6灵巧手-4/888.sldasm-Part-7-1,坐标系10,基准轴10,pinky_mcp_pitch,revolute,0.0024758,-0.028372,0.092741,0.087266,0,0,hand_base_link,0,-1,0,100,1,0,1.57,,,,,,,,
pinky_distal,0.00658940431519205,-4.55268314210333E-06,0.0194435341098305,0,0,0,0.00376782669873412,3.22111112339498E-07,1.01707985908333E-11,-1.14363524419061E-07,3.65126916899176E-07,-1.95589215866356E-10,1.24256004854426E-07,0,0,0,0,0,0,package://linkerhand_O6_right.urdf/meshes/pinky_distal.STL,0.164705882352941,0.282352941176471,0.443137254901961,1,0,0,0,0,0,0,package://linkerhand_O6_right.urdf/meshes/pinky_distal.STL,,O6灵巧手-1/装配体4^O6灵巧手-4/888.sldasm-Part-35-1;O6灵巧手-1/装配体4^O6灵巧手-4/54666.sldasm-Part-9-仿真-1,坐标系11,基准轴11,pinky_dip,revolute,-0.0052516,0,0.036625,0,0,0,pinky_proximal,0,-1,0,100,1,0,1.4,,,,,,,,
